order_id,order_item_id,customer_id,product_id,quantity,unit_price,discount_amount,order_status,payment_method,order_timestamp,shipping_timestamp,created_at,updated_at
2000,1,9,102,4,50.35,0,processing,card,2024-02-22 08:06:00,,2024-02-22 08:06:00,2024-02-22 08:06:00
2001,1,6,106,1,108.11,20,completed,wallet,2024-02-13 17:21:00,,2024-02-13 17:21:00,2024-02-13 17:21:00
2002,1,3,103,2,9.24,0,processing,card,2024-02-10 23:28:00,2024-02-11 23:28:00,2024-02-10 23:28:00,2024-02-10 23:28:00
2002,2,3,114,5,149.3,5,completed,card,2024-02-10 23:28:00,2024-02-11 23:28:00,2024-02-10 23:28:00,2024-02-10 23:28:00
2002,3,3,110,3,25.1,5,shipped,card,2024-02-10 23:28:00,2024-02-11 23:28:00,2024-02-10 23:28:00,2024-02-10 23:28:00
2002,4,3,120,5,20.25,0,completed,card,2024-02-10 23:28:00,2024-02-11 23:28:00,2024-02-10 23:28:00,2024-02-10 23:28:00
2003,1,29,120,4,20.07,5,processing,google_pay,2024-03-28 17:40:00,,2024-03-28 17:40:00,2024-03-28 17:40:00
2003,2,29,117,1,13.89,15,shipped,google_pay,2024-03-28 17:40:00,,2024-03-28 17:40:00,2024-03-28 17:40:00
2003,3,29,103,4,10.31,0,processing,google_pay,2024-03-28 17:40:00,,2024-03-28 17:40:00,2024-03-28 17:40:00
2003,4,29,111,5,19.55,0,refunded,google_pay,2024-03-28 17:40:00,,2024-03-28 17:40:00,2024-03-28 17:40:00
2004,1,19,101,3,21.98,5,cancelled,apple_pay,2024-01-03 06:37:00,2024-01-06 06:37:00,2024-01-03 06:37:00,2024-01-03 06:37:00
2004,2,19,117,1,13.35,5,shipped,apple_pay,2024-01-03 06:37:00,2024-01-06 06:37:00,2024-01-03 06:37:00,2024-01-03 06:37:00
2004,3,19,118,4,49.32,0,cancelled,apple_pay,2024-01-03 06:37:00,2024-01-06 06:37:00,2024-01-03 06:37:00,2024-01-03 06:37:00
2004,4,19,115,4,42.0,0,completed,apple_pay,2024-01-03 06:37:00,2024-01-06 06:37:00,2024-01-03 06:37:00,2024-01-03 06:37:00
2005,1,15,114,4,135.0,10,completed,wallet,2024-01-03 08:51:00,2024-01-06 08:51:00,2024-01-03 08:51:00,2024-01-03 08:51:00
2005,2,15,117,3,13.53,0,refunded,wallet,2024-01-03 08:51:00,2024-01-06 08:51:00,2024-01-03 08:51:00,2024-01-03 08:51:00
2006,1,26,111,3,21.81,0,cancelled,google_pay,2024-01-10 17:44:00,2024-01-11 17:44:00,2024-01-10 17:44:00,2024-01-10 17:44:00
2007,1,14,114,1,156.52,15,shipped,apple_pay,2024-01-04 20:40:00,,2024-01-04 20:40:00,2024-01-04 20:40:00
2007,2,14,112,2,31.45,20,completed,apple_pay,2024-01-04 20:40:00,,2024-01-04 20:40:00,2024-01-04 20:40:00
2007,3,14,117,4,13.09,0,processing,apple_pay,2024-01-04 20:40:00,,2024-01-04 20:40:00,2024-01-04 20:40:00
2008,1,12,119,4,73.97,15,shipped,wallet,2024-03-09 10:33:00,2024-03-11 10:33:00,2024-03-09 10:33:00,2024-03-09 10:33:00
2008,2,12,115,1,38.79,20,refunded,wallet,2024-03-09 10:33:00,2024-03-11 10:33:00,2024-03-09 10:33:00,2024-03-09 10:33:00
2008,3,12,110,4,26.44,0,shipped,wallet,2024-03-09 10:33:00,2024-03-11 10:33:00,2024-03-09 10:33:00,2024-03-09 10:33:00
2008,4,12,117,3,13.95,10,cancelled,wallet,2024-03-09 10:33:00,2024-03-11 10:33:00,2024-03-09 10:33:00,2024-03-09 10:33:00
2009,1,11,111,1,19.08,10,shipped,card,2024-03-10 23:23:00,2024-03-15 23:23:00,2024-03-10 23:23:00,2024-03-10 23:23:00
2009,2,11,107,3,14.28,0,cancelled,card,2024-03-10 23:23:00,2024-03-15 23:23:00,2024-03-10 23:23:00,2024-03-10 23:23:00
2010,1,7,120,3,18.33,10,cancelled,wallet,2024-01-03 06:17:00,2024-01-04 06:17:00,2024-01-03 06:17:00,2024-01-03 06:17:00
2011,1,30,109,5,85.86,0,refunded,wallet,2024-03-02 15:46:00,2024-03-03 15:46:00,2024-03-02 15:46:00,2024-03-02 15:46:00
2011,2,30,108,5,54.24,10,completed,wallet,2024-03-02 15:46:00,2024-03-03 15:46:00,2024-03-02 15:46:00,2024-03-02 15:46:00
2012,1,11,112,4,28.88,0,refunded,card,2024-03-29 01:23:00,,2024-03-29 01:23:00,2024-03-29 01:23:00
2012,2,11,111,2,21.27,0,refunded,card,2024-03-29 01:23:00,,2024-03-29 01:23:00,2024-03-29 01:23:00
2012,3,11,102,4,48.74,0,shipped,card,2024-03-29 01:23:00,,2024-03-29 01:23:00,2024-03-29 01:23:00
2012,4,11,118,4,43.81,0,completed,card,2024-03-29 01:23:00,,2024-03-29 01:23:00,2024-03-29 01:23:00
2013,1,17,104,4,202.93,15,processing,apple_pay,2024-01-08 12:03:00,2024-01-11 12:03:00,2024-01-08 12:03:00,2024-01-08 12:03:00
2013,2,17,108,4,47.65,5,cancelled,apple_pay,2024-01-08 12:03:00,2024-01-11 12:03:00,2024-01-08 12:03:00,2024-01-08 12:03:00
2013,3,17,119,3,71.22,15,refunded,apple_pay,2024-01-08 12:03:00,2024-01-11 12:03:00,2024-01-08 12:03:00,2024-01-08 12:03:00
2014,1,11,105,4,30.2,5,cancelled,card,2024-01-24 03:01:00,2024-01-28 03:01:00,2024-01-24 03:01:00,2024-01-24 03:01:00
2014,2,11,105,3,32.21,0,cancelled,card,2024-01-24 03:01:00,2024-01-28 03:01:00,2024-01-24 03:01:00,2024-01-24 03:01:00
2014,3,11,102,4,50.03,10,processing,card,2024-01-24 03:01:00,2024-01-28 03:01:00,2024-01-24 03:01:00,2024-01-24 03:01:00
2015,1,11,110,2,27.47,0,refunded,google_pay,2024-01-30 22:56:00,2024-02-02 22:56:00,2024-01-30 22:56:00,2024-01-30 22:56:00
2016,1,20,117,2,13.68,10,shipped,card,2024-03-04 21:10:00,2024-03-07 21:10:00,2024-03-04 21:10:00,2024-03-04 21:10:00
2017,1,16,120,5,20.22,20,shipped,google_pay,2024-01-29 09:33:00,2024-02-02 09:33:00,2024-01-29 09:33:00,2024-01-29 09:33:00
2017,2,16,117,1,13.34,5,refunded,google_pay,2024-01-29 09:33:00,2024-02-02 09:33:00,2024-01-29 09:33:00,2024-01-29 09:33:00
2017,3,16,115,1,36.47,5,refunded,google_pay,2024-01-29 09:33:00,2024-02-02 09:33:00,2024-01-29 09:33:00,2024-01-29 09:33:00
2018,1,5,102,2,54.09,0,refunded,google_pay,2024-01-18 06:59:00,2024-01-20 06:59:00,2024-01-18 06:59:00,2024-01-18 06:59:00
2018,2,5,101,1,19.64,0,cancelled,google_pay,2024-01-18 06:59:00,2024-01-20 06:59:00,2024-01-18 06:59:00,2024-01-18 06:59:00
2018,3,5,101,1,21.69,0,refunded,google_pay,2024-01-18 06:59:00,2024-01-20 06:59:00,2024-01-18 06:59:00,2024-01-18 06:59:00
2019,1,30,107,5,13.57,0,shipped,wallet,2024-02-08 03:18:00,2024-02-11 03:18:00,2024-02-08 03:18:00,2024-02-08 03:18:00
2019,2,30,115,2,39.3,10,refunded,wallet,2024-02-08 03:18:00,2024-02-11 03:18:00,2024-02-08 03:18:00,2024-02-08 03:18:00
2019,3,30,113,5,46.88,0,refunded,wallet,2024-02-08 03:18:00,2024-02-11 03:18:00,2024-02-08 03:18:00,2024-02-08 03:18:00
2020,1,10,105,1,29.75,20,processing,wallet,2024-03-01 23:46:00,,2024-03-01 23:46:00,2024-03-01 23:46:00
2021,1,15,104,5,213.18,20,completed,apple_pay,2024-02-06 11:13:00,2024-02-07 11:13:00,2024-02-06 11:13:00,2024-02-06 11:13:00
2022,1,24,116,2,117.72,0,shipped,card,2024-03-26 06:24:00,2024-03-28 06:24:00,2024-03-26 06:24:00,2024-03-26 06:24:00
2022,2,24,103,3,9.06,0,shipped,card,2024-03-26 06:24:00,2024-03-28 06:24:00,2024-03-26 06:24:00,2024-03-26 06:24:00
2022,3,24,115,4,43.48,15,refunded,card,2024-03-26 06:24:00,2024-03-28 06:24:00,2024-03-26 06:24:00,2024-03-26 06:24:00
2023,1,2,112,4,32.73,20,shipped,wallet,2024-01-15 14:44:00,2024-01-16 14:44:00,2024-01-15 14:44:00,2024-01-15 14:44:00
2024,1,8,110,3,25.84,0,shipped,google_pay,2024-02-13 21:09:00,2024-02-14 21:09:00,2024-02-13 21:09:00,2024-02-13 21:09:00
2024,2,8,102,1,50.49,0,shipped,google_pay,2024-02-13 21:09:00,2024-02-14 21:09:00,2024-02-13 21:09:00,2024-02-13 21:09:00
2025,1,8,118,3,48.73,10,processing,wallet,2024-03-12 00:50:00,,2024-03-12 00:50:00,2024-03-12 00:50:00
2025,2,8,112,2,32.07,0,cancelled,wallet,2024-03-12 00:50:00,,2024-03-12 00:50:00,2024-03-12 00:50:00
2025,3,8,110,3,24.06,20,completed,wallet,2024-03-12 00:50:00,,2024-03-12 00:50:00,2024-03-12 00:50:00
2026,1,17,120,3,19.77,0,cancelled,card,2024-03-23 09:05:00,2024-03-25 09:05:00,2024-03-23 09:05:00,2024-03-23 09:05:00
2026,2,17,118,2,44.08,15,completed,card,2024-03-23 09:05:00,2024-03-25 09:05:00,2024-03-23 09:05:00,2024-03-23 09:05:00
2026,3,17,107,2,15.66,5,refunded,card,2024-03-23 09:05:00,2024-03-25 09:05:00,2024-03-23 09:05:00,2024-03-23 09:05:00
2027,1,21,106,2,97.3,0,shipped,wallet,2024-02-19 00:16:00,,2024-02-19 00:16:00,2024-02-19 00:16:00
2027,2,21,120,1,19.07,0,processing,wallet,2024-02-19 00:16:00,,2024-02-19 00:16:00,2024-02-19 00:16:00
2027,3,21,102,3,48.6,0,refunded,wallet,2024-02-19 00:16:00,,2024-02-19 00:16:00,2024-02-19 00:16:00
2028,1,20,104,3,191.47,20,processing,apple_pay,2024-03-07 17:55:00,2024-03-12 17:55:00,2024-03-07 17:55:00,2024-03-07 17:55:00
2029,1,8,113,3,54.42,0,shipped,card,2024-01-12 03:39:00,2024-01-16 03:39:00,2024-01-12 03:39:00,2024-01-12 03:39:00
2029,2,8,113,1,49.14,0,completed,card,2024-01-12 03:39:00,2024-01-16 03:39:00,2024-01-12 03:39:00,2024-01-12 03:39:00
2029,3,8,114,2,159.08,0,shipped,card,2024-01-12 03:39:00,2024-01-16 03:39:00,2024-01-12 03:39:00,2024-01-12 03:39:00
2029,4,8,118,3,44.28,20,refunded,card,2024-01-12 03:39:00,2024-01-16 03:39:00,2024-01-12 03:39:00,2024-01-12 03:39:00
2030,1,3,118,2,48.36,0,cancelled,card,2024-01-16 18:25:00,2024-01-17 18:25:00,2024-01-16 18:25:00,2024-01-16 18:25:00
2030,2,3,118,3,49.43,15,shipped,card,2024-01-16 18:25:00,2024-01-17 18:25:00,2024-01-16 18:25:00,2024-01-16 18:25:00
2030,3,3,110,3,26.89,0,refunded,card,2024-01-16 18:25:00,2024-01-17 18:25:00,2024-01-16 18:25:00,2024-01-16 18:25:00
2031,1,16,105,2,30.99,10,shipped,card,2024-02-24 02:55:00,,2024-02-24 02:55:00,2024-02-24 02:55:00
2031,2,16,103,4,10.15,0,refunded,card,2024-02-24 02:55:00,,2024-02-24 02:55:00,2024-02-24 02:55:00
2032,1,23,110,1,23.53,0,shipped,apple_pay,2024-01-10 06:05:00,2024-01-15 06:05:00,2024-01-10 06:05:00,2024-01-10 06:05:00
2032,2,23,117,1,14.23,0,refunded,apple_pay,2024-01-10 06:05:00,2024-01-15 06:05:00,2024-01-10 06:05:00,2024-01-10 06:05:00
2032,3,23,116,5,107.45,15,shipped,apple_pay,2024-01-10 06:05:00,2024-01-15 06:05:00,2024-01-10 06:05:00,2024-01-10 06:05:00
2032,4,23,113,4,51.57,0,completed,apple_pay,2024-01-10 06:05:00,2024-01-15 06:05:00,2024-01-10 06:05:00,2024-01-10 06:05:00
2033,1,7,119,3,72.96,5,processing,wallet,2024-03-25 20:08:00,,2024-03-25 20:08:00,2024-03-25 20:08:00
2034,1,14,103,1,10.77,10,shipped,wallet,2024-03-09 16:54:00,2024-03-14 16:54:00,2024-03-09 16:54:00,2024-03-09 16:54:00
2034,2,14,117,5,14.14,10,completed,wallet,2024-03-09 16:54:00,2024-03-14 16:54:00,2024-03-09 16:54:00,2024-03-09 16:54:00
2034,3,14,115,2,41.01,20,cancelled,wallet,2024-03-09 16:54:00,2024-03-14 16:54:00,2024-03-09 16:54:00,2024-03-09 16:54:00
2035,1,1,118,5,49.47,15,processing,apple_pay,2024-02-07 14:23:00,2024-02-10 14:23:00,2024-02-07 14:23:00,2024-02-07 14:23:00
2035,2,1,107,2,13.61,0,cancelled,apple_pay,2024-02-07 14:23:00,2024-02-10 14:23:00,2024-02-07 14:23:00,2024-02-07 14:23:00
2035,3,1,104,4,212.08,20,refunded,apple_pay,2024-02-07 14:23:00,2024-02-10 14:23:00,2024-02-07 14:23:00,2024-02-07 14:23:00
2035,4,1,106,1,109.53,10,completed,apple_pay,2024-02-07 14:23:00,2024-02-10 14:23:00,2024-02-07 14:23:00,2024-02-07 14:23:00
2036,1,19,116,5,115.62,15,cancelled,google_pay,2024-01-18 16:43:00,,2024-01-18 16:43:00,2024-01-18 16:43:00
2036,2,19,116,3,105.93,10,refunded,google_pay,2024-01-18 16:43:00,,2024-01-18 16:43:00,2024-01-18 16:43:00
2037,1,11,102,5,52.1,0,processing,google_pay,2024-01-23 07:06:00,,2024-01-23 07:06:00,2024-01-23 07:06:00
2037,2,11,102,2,46.46,15,shipped,google_pay,2024-01-23 07:06:00,,2024-01-23 07:06:00,2024-01-23 07:06:00
2037,3,11,113,2,52.7,0,cancelled,google_pay,2024-01-23 07:06:00,,2024-01-23 07:06:00,2024-01-23 07:06:00
2038,1,25,112,5,30.82,0,completed,google_pay,2024-03-05 21:00:00,2024-03-08 21:00:00,2024-03-05 21:00:00,2024-03-05 21:00:00
2038,2,25,114,4,146.88,0,refunded,google_pay,2024-03-05 21:00:00,2024-03-08 21:00:00,2024-03-05 21:00:00,2024-03-05 21:00:00
2039,1,23,112,3,28.91,0,cancelled,card,2024-02-11 14:29:00,2024-02-12 14:29:00,2024-02-11 14:29:00,2024-02-11 14:29:00
2039,2,23,118,4,47.05,20,cancelled,card,2024-02-11 14:29:00,2024-02-12 14:29:00,2024-02-11 14:29:00,2024-02-11 14:29:00
2039,3,23,111,2,18.12,0,refunded,card,2024-02-11 14:29:00,2024-02-12 14:29:00,2024-02-11 14:29:00,2024-02-11 14:29:00
2039,4,23,107,4,14.78,20,completed,card,2024-02-11 14:29:00,2024-02-12 14:29:00,2024-02-11 14:29:00,2024-02-11 14:29:00
2040,1,21,112,2,31.76,0,cancelled,wallet,2024-02-04 11:34:00,2024-02-05 11:34:00,2024-02-04 11:34:00,2024-02-04 11:34:00
2040,2,21,105,5,27.05,5,cancelled,wallet,2024-02-04 11:34:00,2024-02-05 11:34:00,2024-02-04 11:34:00,2024-02-04 11:34:00
2040,3,21,114,4,156.12,0,shipped,wallet,2024-02-04 11:34:00,2024-02-05 11:34:00,2024-02-04 11:34:00,2024-02-04 11:34:00
2041,1,12,104,4,182.92,10,refunded,wallet,2024-02-12 22:26:00,,2024-02-12 22:26:00,2024-02-12 22:26:00
2041,2,12,104,2,190.28,15,completed,wallet,2024-02-12 22:26:00,,2024-02-12 22:26:00,2024-02-12 22:26:00
2042,1,6,115,4,43.59,15,completed,wallet,2024-01-11 02:27:00,,2024-01-11 02:27:00,2024-01-11 02:27:00
2042,2,6,114,1,137.81,0,cancelled,wallet,2024-01-11 02:27:00,,2024-01-11 02:27:00,2024-01-11 02:27:00
2042,3,6,113,4,53.32,15,processing,wallet,2024-01-11 02:27:00,,2024-01-11 02:27:00,2024-01-11 02:27:00
2043,1,12,113,5,48.2,20,shipped,card,2024-02-12 19:11:00,2024-02-16 19:11:00,2024-02-12 19:11:00,2024-02-12 19:11:00
2043,2,12,110,3,26.0,0,processing,card,2024-02-12 19:11:00,2024-02-16 19:11:00,2024-02-12 19:11:00,2024-02-12 19:11:00
2043,3,12,120,4,19.43,10,completed,card,2024-02-12 19:11:00,2024-02-16 19:11:00,2024-02-12 19:11:00,2024-02-12 19:11:00
2044,1,27,118,2,48.13,20,shipped,wallet,2024-01-27 10:15:00,,2024-01-27 10:15:00,2024-01-27 10:15:00
2044,2,27,107,4,14.94,0,refunded,wallet,2024-01-27 10:15:00,,2024-01-27 10:15:00,2024-01-27 10:15:00
2044,3,27,115,4,42.45,0,refunded,wallet,2024-01-27 10:15:00,,2024-01-27 10:15:00,2024-01-27 10:15:00
2044,4,27,110,1,25.75,20,refunded,wallet,2024-01-27 10:15:00,,2024-01-27 10:15:00,2024-01-27 10:15:00
2045,1,30,108,1,46.6,5,cancelled,apple_pay,2024-02-18 18:36:00,2024-02-20 18:36:00,2024-02-18 18:36:00,2024-02-18 18:36:00
2046,1,22,108,4,53.07,0,cancelled,apple_pay,2024-03-18 07:49:00,2024-03-23 07:49:00,2024-03-18 07:49:00,2024-03-18 07:49:00
2046,2,22,113,5,45.62,5,shipped,apple_pay,2024-03-18 07:49:00,2024-03-23 07:49:00,2024-03-18 07:49:00,2024-03-18 07:49:00
2046,3,22,106,3,103.98,0,shipped,apple_pay,2024-03-18 07:49:00,2024-03-23 07:49:00,2024-03-18 07:49:00,2024-03-18 07:49:00
2046,4,22,110,4,23.26,5,processing,apple_pay,2024-03-18 07:49:00,2024-03-23 07:49:00,2024-03-18 07:49:00,2024-03-18 07:49:00
2047,1,20,107,5,14.83,0,shipped,wallet,2024-02-07 06:37:00,2024-02-10 06:37:00,2024-02-07 06:37:00,2024-02-07 06:37:00
2047,2,20,111,5,20.65,0,processing,wallet,2024-02-07 06:37:00,2024-02-10 06:37:00,2024-02-07 06:37:00,2024-02-07 06:37:00
2048,1,4,114,2,137.83,10,cancelled,wallet,2024-01-06 11:13:00,2024-01-10 11:13:00,2024-01-06 11:13:00,2024-01-06 11:13:00
2049,1,20,108,3,46.7,20,shipped,wallet,2024-03-24 03:26:00,,2024-03-24 03:26:00,2024-03-24 03:26:00
2050,1,24,120,2,21.65,0,shipped,google_pay,2024-01-03 19:31:00,2024-01-07 19:31:00,2024-01-03 19:31:00,2024-01-03 19:31:00
2050,2,24,108,3,52.43,20,refunded,google_pay,2024-01-03 19:31:00,2024-01-07 19:31:00,2024-01-03 19:31:00,2024-01-03 19:31:00
2050,3,24,117,2,14.26,10,shipped,google_pay,2024-01-03 19:31:00,2024-01-07 19:31:00,2024-01-03 19:31:00,2024-01-03 19:31:00
2051,1,17,104,3,205.12,15,completed,wallet,2024-01-30 15:57:00,,2024-01-30 15:57:00,2024-01-30 15:57:00
2051,2,17,116,4,104.08,15,shipped,wallet,2024-01-30 15:57:00,,2024-01-30 15:57:00,2024-01-30 15:57:00
2052,1,30,105,5,28.22,0,completed,card,2024-02-04 08:35:00,2024-02-06 08:35:00,2024-02-04 08:35:00,2024-02-04 08:35:00
2052,2,30,103,4,10.02,5,completed,card,2024-02-04 08:35:00,2024-02-06 08:35:00,2024-02-04 08:35:00,2024-02-04 08:35:00
2052,3,30,106,4,96.45,0,refunded,card,2024-02-04 08:35:00,2024-02-06 08:35:00,2024-02-04 08:35:00,2024-02-04 08:35:00
2052,4,30,118,3,41.35,5,completed,card,2024-02-04 08:35:00,2024-02-06 08:35:00,2024-02-04 08:35:00,2024-02-04 08:35:00
2053,1,9,115,3,36.92,5,refunded,apple_pay,2024-01-17 14:51:00,,2024-01-17 14:51:00,2024-01-17 14:51:00
2053,2,9,112,3,32.1,0,processing,apple_pay,2024-01-17 14:51:00,,2024-01-17 14:51:00,2024-01-17 14:51:00
2054,1,9,112,4,29.67,0,shipped,card,2024-01-14 00:41:00,,2024-01-14 00:41:00,2024-01-14 00:41:00
2054,2,9,108,2,51.48,0,shipped,card,2024-01-14 00:41:00,,2024-01-14 00:41:00,2024-01-14 00:41:00
2054,3,9,115,2,42.52,15,cancelled,card,2024-01-14 00:41:00,,2024-01-14 00:41:00,2024-01-14 00:41:00
2055,1,24,112,4,30.2,5,completed,google_pay,2024-02-17 12:10:00,2024-02-22 12:10:00,2024-02-17 12:10:00,2024-02-17 12:10:00
2055,2,24,108,4,47.25,10,shipped,google_pay,2024-02-17 12:10:00,2024-02-22 12:10:00,2024-02-17 12:10:00,2024-02-17 12:10:00
2056,1,20,115,3,39.62,15,completed,apple_pay,2024-02-26 22:39:00,2024-02-27 22:39:00,2024-02-26 22:39:00,2024-02-26 22:39:00
2056,2,20,108,1,47.59,20,processing,apple_pay,2024-02-26 22:39:00,2024-02-27 22:39:00,2024-02-26 22:39:00,2024-02-26 22:39:00
2057,1,16,105,2,30.86,20,refunded,wallet,2024-03-26 20:58:00,2024-03-31 20:58:00,2024-03-26 20:58:00,2024-03-26 20:58:00
2057,2,16,118,4,41.0,10,refunded,wallet,2024-03-26 20:58:00,2024-03-31 20:58:00,2024-03-26 20:58:00,2024-03-26 20:58:00
2058,1,26,115,3,43.14,0,shipped,apple_pay,2024-01-18 02:14:00,,2024-01-18 02:14:00,2024-01-18 02:14:00
2058,2,26,114,3,163.21,5,cancelled,apple_pay,2024-01-18 02:14:00,,2024-01-18 02:14:00,2024-01-18 02:14:00
2058,3,26,116,5,99.88,0,shipped,apple_pay,2024-01-18 02:14:00,,2024-01-18 02:14:00,2024-01-18 02:14:00
2059,1,25,120,3,21.9,0,shipped,google_pay,2024-01-30 03:33:00,2024-02-04 03:33:00,2024-01-30 03:33:00,2024-01-30 03:33:00
2059,2,25,108,1,51.88,0,completed,google_pay,2024-01-30 03:33:00,2024-02-04 03:33:00,2024-01-30 03:33:00,2024-01-30 03:33:00
2059,3,25,117,5,13.0,10,refunded,google_pay,2024-01-30 03:33:00,2024-02-04 03:33:00,2024-01-30 03:33:00,2024-01-30 03:33:00
2059,4,25,110,2,24.11,5,shipped,google_pay,2024-01-30 03:33:00,2024-02-04 03:33:00,2024-01-30 03:33:00,2024-01-30 03:33:00
2060,1,27,110,3,26.79,0,shipped,wallet,2024-01-05 21:43:00,2024-01-07 21:43:00,2024-01-05 21:43:00,2024-01-05 21:43:00
2060,2,27,118,4,43.38,0,shipped,wallet,2024-01-05 21:43:00,2024-01-07 21:43:00,2024-01-05 21:43:00,2024-01-05 21:43:00
2061,1,12,101,3,20.45,20,cancelled,wallet,2024-02-16 03:39:00,2024-02-17 03:39:00,2024-02-16 03:39:00,2024-02-16 03:39:00
2062,1,21,110,4,23.72,10,processing,google_pay,2024-02-13 20:06:00,2024-02-15 20:06:00,2024-02-13 20:06:00,2024-02-13 20:06:00
2063,1,19,109,4,77.9,10,processing,apple_pay,2024-02-06 15:37:00,,2024-02-06 15:37:00,2024-02-06 15:37:00
2063,2,19,106,4,99.93,0,shipped,apple_pay,2024-02-06 15:37:00,,2024-02-06 15:37:00,2024-02-06 15:37:00
2064,1,21,107,2,14.48,0,shipped,google_pay,2024-01-07 21:23:00,2024-01-11 21:23:00,2024-01-07 21:23:00,2024-01-07 21:23:00
2064,2,21,106,5,92.53,0,refunded,google_pay,2024-01-07 21:23:00,2024-01-11 21:23:00,2024-01-07 21:23:00,2024-01-07 21:23:00
2065,1,30,103,5,10.92,10,shipped,google_pay,2024-02-18 23:12:00,,2024-02-18 23:12:00,2024-02-18 23:12:00
2065,2,30,106,2,91.07,5,processing,google_pay,2024-02-18 23:12:00,,2024-02-18 23:12:00,2024-02-18 23:12:00
2066,1,7,113,2,53.39,5,shipped,google_pay,2024-02-20 17:58:00,2024-02-23 17:58:00,2024-02-20 17:58:00,2024-02-20 17:58:00
2066,2,7,111,2,19.42,15,cancelled,google_pay,2024-02-20 17:58:00,2024-02-23 17:58:00,2024-02-20 17:58:00,2024-02-20 17:58:00
2066,3,7,119,1,70.27,5,processing,google_pay,2024-02-20 17:58:00,2024-02-23 17:58:00,2024-02-20 17:58:00,2024-02-20 17:58:00
2067,1,26,113,1,46.63,0,shipped,card,2024-01-03 15:01:00,2024-01-04 15:01:00,2024-01-03 15:01:00,2024-01-03 15:01:00
2067,2,26,111,2,21.51,0,shipped,card,2024-01-03 15:01:00,2024-01-04 15:01:00,2024-01-03 15:01:00,2024-01-03 15:01:00
2067,3,26,108,4,45.22,0,cancelled,card,2024-01-03 15:01:00,2024-01-04 15:01:00,2024-01-03 15:01:00,2024-01-03 15:01:00
2067,4,26,107,4,14.48,0,shipped,card,2024-01-03 15:01:00,2024-01-04 15:01:00,2024-01-03 15:01:00,2024-01-03 15:01:00
2068,1,24,104,4,182.53,15,processing,google_pay,2024-03-15 21:39:00,2024-03-19 21:39:00,2024-03-15 21:39:00,2024-03-15 21:39:00
2068,2,24,103,2,10.82,10,cancelled,google_pay,2024-03-15 21:39:00,2024-03-19 21:39:00,2024-03-15 21:39:00,2024-03-15 21:39:00
2068,3,24,108,5,46.39,0,shipped,google_pay,2024-03-15 21:39:00,2024-03-19 21:39:00,2024-03-15 21:39:00,2024-03-15 21:39:00
2068,4,24,106,1,107.4,0,cancelled,google_pay,2024-03-15 21:39:00,2024-03-19 21:39:00,2024-03-15 21:39:00,2024-03-15 21:39:00
2069,1,4,104,2,200.55,0,completed,wallet,2024-01-31 00:43:00,2024-02-03 00:43:00,2024-01-31 00:43:00,2024-01-31 00:43:00
2069,2,4,103,3,9.15,15,cancelled,wallet,2024-01-31 00:43:00,2024-02-03 00:43:00,2024-01-31 00:43:00,2024-01-31 00:43:00
2069,3,4,117,4,12.33,20,processing,wallet,2024-01-31 00:43:00,2024-02-03 00:43:00,2024-01-31 00:43:00,2024-01-31 00:43:00
2070,1,28,104,1,216.0,5,shipped,wallet,2024-03-12 13:31:00,2024-03-13 13:31:00,2024-03-12 13:31:00,2024-03-12 13:31:00
2070,2,28,117,5,13.55,0,cancelled,wallet,2024-03-12 13:31:00,2024-03-13 13:31:00,2024-03-12 13:31:00,2024-03-12 13:31:00
2070,3,28,107,3,15.67,0,shipped,wallet,2024-03-12 13:31:00,2024-03-13 13:31:00,2024-03-12 13:31:00,2024-03-12 13:31:00
2070,4,28,119,2,76.84,10,processing,wallet,2024-03-12 13:31:00,2024-03-13 13:31:00,2024-03-12 13:31:00,2024-03-12 13:31:00
2071,1,3,103,3,9.81,15,refunded,google_pay,2024-01-03 02:17:00,,2024-01-03 02:17:00,2024-01-03 02:17:00
2071,2,3,111,1,18.5,15,shipped,google_pay,2024-01-03 02:17:00,,2024-01-03 02:17:00,2024-01-03 02:17:00
2071,3,3,120,5,21.68,10,processing,google_pay,2024-01-03 02:17:00,,2024-01-03 02:17:00,2024-01-03 02:17:00
2072,1,29,110,2,23.48,0,refunded,google_pay,2024-03-21 20:55:00,,2024-03-21 20:55:00,2024-03-21 20:55:00
2072,2,29,111,1,18.37,20,shipped,google_pay,2024-03-21 20:55:00,,2024-03-21 20:55:00,2024-03-21 20:55:00
2072,3,29,115,4,37.87,5,processing,google_pay,2024-03-21 20:55:00,,2024-03-21 20:55:00,2024-03-21 20:55:00
2073,1,18,117,1,12.83,0,shipped,apple_pay,2024-03-26 17:37:00,2024-03-27 17:37:00,2024-03-26 17:37:00,2024-03-26 17:37:00
2073,2,18,116,4,102.04,15,refunded,apple_pay,2024-03-26 17:37:00,2024-03-27 17:37:00,2024-03-26 17:37:00,2024-03-26 17:37:00
2073,3,18,104,3,185.59,0,completed,apple_pay,2024-03-26 17:37:00,2024-03-27 17:37:00,2024-03-26 17:37:00,2024-03-26 17:37:00
2074,1,20,114,3,137.36,20,cancelled,apple_pay,2024-02-13 04:20:00,,2024-02-13 04:20:00,2024-02-13 04:20:00
2075,1,29,102,3,53.62,0,processing,google_pay,2024-02-17 13:49:00,,2024-02-17 13:49:00,2024-02-17 13:49:00
2076,1,22,117,3,12.03,0,processing,wallet,2024-02-28 02:13:00,2024-03-01 02:13:00,2024-02-28 02:13:00,2024-02-28 02:13:00
2076,2,22,103,4,9.7,0,refunded,wallet,2024-02-28 02:13:00,2024-03-01 02:13:00,2024-02-28 02:13:00,2024-02-28 02:13:00
2076,3,22,115,2,36.05,10,cancelled,wallet,2024-02-28 02:13:00,2024-03-01 02:13:00,2024-02-28 02:13:00,2024-02-28 02:13:00
2076,4,22,101,2,19.74,0,processing,wallet,2024-02-28 02:13:00,2024-03-01 02:13:00,2024-02-28 02:13:00,2024-02-28 02:13:00
2077,1,10,112,3,32.04,0,refunded,card,2024-01-31 14:14:00,2024-02-01 14:14:00,2024-01-31 14:14:00,2024-01-31 14:14:00
2077,2,10,119,1,70.39,5,shipped,card,2024-01-31 14:14:00,2024-02-01 14:14:00,2024-01-31 14:14:00,2024-01-31 14:14:00
2077,3,10,101,5,18.58,0,shipped,card,2024-01-31 14:14:00,2024-02-01 14:14:00,2024-01-31 14:14:00,2024-01-31 14:14:00
2078,1,2,117,3,12.16,5,refunded,card,2024-02-01 14:30:00,2024-02-06 14:30:00,2024-02-01 14:30:00,2024-02-01 14:30:00
2079,1,1,117,5,11.74,0,shipped,apple_pay,2024-01-28 20:24:00,2024-01-31 20:24:00,2024-01-28 20:24:00,2024-01-28 20:24:00
2080,1,29,111,5,19.98,10,refunded,apple_pay,2024-01-23 15:01:00,2024-01-25 15:01:00,2024-01-23 15:01:00,2024-01-23 15:01:00
2080,2,29,110,2,26.5,20,shipped,apple_pay,2024-01-23 15:01:00,2024-01-25 15:01:00,2024-01-23 15:01:00,2024-01-23 15:01:00
2081,1,23,107,3,14.99,15,refunded,apple_pay,2024-01-10 06:23:00,2024-01-11 06:23:00,2024-01-10 06:23:00,2024-01-10 06:23:00
2081,2,23,102,5,53.17,5,refunded,apple_pay,2024-01-10 06:23:00,2024-01-11 06:23:00,2024-01-10 06:23:00,2024-01-10 06:23:00
2081,3,23,108,2,53.54,0,cancelled,apple_pay,2024-01-10 06:23:00,2024-01-11 06:23:00,2024-01-10 06:23:00,2024-01-10 06:23:00
2081,4,23,118,5,43.88,0,shipped,apple_pay,2024-01-10 06:23:00,2024-01-11 06:23:00,2024-01-10 06:23:00,2024-01-10 06:23:00
2082,1,2,117,2,12.14,5,processing,wallet,2024-03-08 20:54:00,,2024-03-08 20:54:00,2024-03-08 20:54:00
2082,2,2,106,5,92.05,0,cancelled,wallet,2024-03-08 20:54:00,,2024-03-08 20:54:00,2024-03-08 20:54:00
2083,1,14,112,5,28.85,5,refunded,card,2024-01-02 10:42:00,2024-01-07 10:42:00,2024-01-02 10:42:00,2024-01-02 10:42:00
2083,2,14,113,2,54.63,20,shipped,card,2024-01-02 10:42:00,2024-01-07 10:42:00,2024-01-02 10:42:00,2024-01-02 10:42:00
2083,3,14,103,4,10.33,0,shipped,card,2024-01-02 10:42:00,2024-01-07 10:42:00,2024-01-02 10:42:00,2024-01-02 10:42:00
2084,1,23,108,3,51.62,10,processing,card,2024-02-22 05:38:00,2024-02-23 05:38:00,2024-02-22 05:38:00,2024-02-22 05:38:00
2085,1,10,110,3,24.44,15,completed,wallet,2024-03-07 15:54:00,2024-03-10 15:54:00,2024-03-07 15:54:00,2024-03-07 15:54:00
2085,2,10,118,1,43.71,0,processing,wallet,2024-03-07 15:54:00,2024-03-10 15:54:00,2024-03-07 15:54:00,2024-03-07 15:54:00
2086,1,18,117,5,12.89,0,shipped,wallet,2024-01-06 17:57:00,,2024-01-06 17:57:00,2024-01-06 17:57:00
2087,1,9,107,2,16.29,5,refunded,apple_pay,2024-03-10 13:17:00,2024-03-15 13:17:00,2024-03-10 13:17:00,2024-03-10 13:17:00
2087,2,9,108,1,46.68,0,refunded,apple_pay,2024-03-10 13:17:00,2024-03-15 13:17:00,2024-03-10 13:17:00,2024-03-10 13:17:00
2087,3,9,120,4,18.2,0,processing,apple_pay,2024-03-10 13:17:00,2024-03-15 13:17:00,2024-03-10 13:17:00,2024-03-10 13:17:00
2088,1,7,111,5,21.92,20,cancelled,google_pay,2024-01-18 20:23:00,2024-01-21 20:23:00,2024-01-18 20:23:00,2024-01-18 20:23:00
2089,1,4,108,4,47.85,10,cancelled,wallet,2024-02-11 08:12:00,2024-02-14 08:12:00,2024-02-11 08:12:00,2024-02-11 08:12:00
2090,1,28,112,4,29.92,0,cancelled,apple_pay,2024-03-28 15:48:00,2024-04-01 15:48:00,2024-03-28 15:48:00,2024-03-28 15:48:00
2090,2,28,120,1,21.58,10,shipped,apple_pay,2024-03-28 15:48:00,2024-04-01 15:48:00,2024-03-28 15:48:00,2024-03-28 15:48:00
2091,1,30,116,3,102.17,15,processing,google_pay,2024-01-09 08:18:00,2024-01-11 08:18:00,2024-01-09 08:18:00,2024-01-09 08:18:00
2091,2,30,103,2,9.7,5,completed,google_pay,2024-01-09 08:18:00,2024-01-11 08:18:00,2024-01-09 08:18:00,2024-01-09 08:18:00
2091,3,30,114,1,156.18,15,shipped,google_pay,2024-01-09 08:18:00,2024-01-11 08:18:00,2024-01-09 08:18:00,2024-01-09 08:18:00
2092,1,2,118,2,47.5,0,processing,wallet,2024-03-07 05:11:00,2024-03-08 05:11:00,2024-03-07 05:11:00,2024-03-07 05:11:00
2092,2,2,102,5,52.28,0,refunded,wallet,2024-03-07 05:11:00,2024-03-08 05:11:00,2024-03-07 05:11:00,2024-03-07 05:11:00
2093,1,12,117,1,13.8,10,completed,wallet,2024-02-11 01:08:00,2024-02-13 01:08:00,2024-02-11 01:08:00,2024-02-11 01:08:00
2093,2,12,118,1,40.65,15,cancelled,wallet,2024-02-11 01:08:00,2024-02-13 01:08:00,2024-02-11 01:08:00,2024-02-11 01:08:00
2093,3,12,103,3,9.3,20,refunded,wallet,2024-02-11 01:08:00,2024-02-13 01:08:00,2024-02-11 01:08:00,2024-02-11 01:08:00
2093,4,12,117,4,12.87,0,shipped,wallet,2024-02-11 01:08:00,2024-02-13 01:08:00,2024-02-11 01:08:00,2024-02-11 01:08:00
2094,1,21,107,2,15.04,20,completed,wallet,2024-01-03 12:49:00,,2024-01-03 12:49:00,2024-01-03 12:49:00
2095,1,20,116,3,120.62,0,refunded,card,2024-02-21 14:49:00,2024-02-25 14:49:00,2024-02-21 14:49:00,2024-02-21 14:49:00
2095,2,20,116,2,101.43,5,processing,card,2024-02-21 14:49:00,2024-02-25 14:49:00,2024-02-21 14:49:00,2024-02-21 14:49:00
2095,3,20,117,2,12.68,0,shipped,card,2024-02-21 14:49:00,2024-02-25 14:49:00,2024-02-21 14:49:00,2024-02-21 14:49:00
2096,1,4,118,3,43.34,5,cancelled,card,2024-02-18 23:05:00,2024-02-21 23:05:00,2024-02-18 23:05:00,2024-02-18 23:05:00
2096,2,4,103,5,9.68,0,shipped,card,2024-02-18 23:05:00,2024-02-21 23:05:00,2024-02-18 23:05:00,2024-02-18 23:05:00
2096,3,4,114,4,157.14,5,refunded,card,2024-02-18 23:05:00,2024-02-21 23:05:00,2024-02-18 23:05:00,2024-02-18 23:05:00
2097,1,10,111,4,18.31,0,shipped,apple_pay,2024-03-06 15:56:00,2024-03-10 15:56:00,2024-03-06 15:56:00,2024-03-06 15:56:00
2097,2,10,107,1,16.27,15,cancelled,apple_pay,2024-03-06 15:56:00,2024-03-10 15:56:00,2024-03-06 15:56:00,2024-03-06 15:56:00
2097,3,10,111,5,21.71,15,refunded,apple_pay,2024-03-06 15:56:00,2024-03-10 15:56:00,2024-03-06 15:56:00,2024-03-06 15:56:00
2098,1,16,110,1,24.48,0,processing,wallet,2024-02-27 10:03:00,2024-02-28 10:03:00,2024-02-27 10:03:00,2024-02-27 10:03:00
2099,1,29,105,5,27.42,0,cancelled,apple_pay,2024-03-22 04:42:00,,2024-03-22 04:42:00,2024-03-22 04:42:00
2099,2,29,107,5,15.33,20,refunded,apple_pay,2024-03-22 04:42:00,,2024-03-22 04:42:00,2024-03-22 04:42:00
2100,1,30,105,4,28.62,20,completed,wallet,2024-03-09 02:18:00,,2024-03-09 02:18:00,2024-03-09 02:18:00
2100,2,30,104,1,188.92,5,completed,wallet,2024-03-09 02:18:00,,2024-03-09 02:18:00,2024-03-09 02:18:00
2100,3,30,108,2,48.78,15,cancelled,wallet,2024-03-09 02:18:00,,2024-03-09 02:18:00,2024-03-09 02:18:00
2101,1,30,107,2,14.52,10,processing,apple_pay,2024-02-24 03:18:00,2024-02-29 03:18:00,2024-02-24 03:18:00,2024-02-24 03:18:00
2102,1,12,101,4,19.18,0,processing,apple_pay,2024-02-23 19:29:00,2024-02-24 19:29:00,2024-02-23 19:29:00,2024-02-23 19:29:00
2102,2,12,114,2,145.18,5,shipped,apple_pay,2024-02-23 19:29:00,2024-02-24 19:29:00,2024-02-23 19:29:00,2024-02-23 19:29:00
2102,3,12,105,2,30.69,0,shipped,apple_pay,2024-02-23 19:29:00,2024-02-24 19:29:00,2024-02-23 19:29:00,2024-02-23 19:29:00
2103,1,15,109,3,84.01,15,cancelled,apple_pay,2024-03-12 17:53:00,2024-03-15 17:53:00,2024-03-12 17:53:00,2024-03-12 17:53:00
2103,2,15,108,1,52.4,0,completed,apple_pay,2024-03-12 17:53:00,2024-03-15 17:53:00,2024-03-12 17:53:00,2024-03-12 17:53:00
2103,3,15,106,4,90.87,15,completed,apple_pay,2024-03-12 17:53:00,2024-03-15 17:53:00,2024-03-12 17:53:00,2024-03-12 17:53:00
2103,4,15,103,2,9.4,15,refunded,apple_pay,2024-03-12 17:53:00,2024-03-15 17:53:00,2024-03-12 17:53:00,2024-03-12 17:53:00
2104,1,4,105,2,31.02,5,cancelled,wallet,2024-03-09 16:02:00,2024-03-14 16:02:00,2024-03-09 16:02:00,2024-03-09 16:02:00
2104,2,4,108,5,46.97,0,completed,wallet,2024-03-09 16:02:00,2024-03-14 16:02:00,2024-03-09 16:02:00,2024-03-09 16:02:00
2105,1,16,113,4,48.66,10,completed,apple_pay,2024-01-31 22:44:00,2024-02-05 22:44:00,2024-01-31 22:44:00,2024-01-31 22:44:00
2106,1,23,116,3,99.76,5,cancelled,card,2024-03-22 16:58:00,2024-03-27 16:58:00,2024-03-22 16:58:00,2024-03-22 16:58:00
2107,1,22,118,3,48.08,0,refunded,google_pay,2024-01-03 10:23:00,2024-01-06 10:23:00,2024-01-03 10:23:00,2024-01-03 10:23:00
2107,2,22,101,2,21.87,5,completed,google_pay,2024-01-03 10:23:00,2024-01-06 10:23:00,2024-01-03 10:23:00,2024-01-03 10:23:00
2107,3,22,116,4,112.94,0,refunded,google_pay,2024-01-03 10:23:00,2024-01-06 10:23:00,2024-01-03 10:23:00,2024-01-03 10:23:00
2108,1,19,118,3,47.57,0,cancelled,apple_pay,2024-03-31 19:52:00,,2024-03-31 19:52:00,2024-03-31 19:52:00
2108,2,19,110,5,26.95,10,processing,apple_pay,2024-03-31 19:52:00,,2024-03-31 19:52:00,2024-03-31 19:52:00
2108,3,19,117,3,13.95,15,refunded,apple_pay,2024-03-31 19:52:00,,2024-03-31 19:52:00,2024-03-31 19:52:00
2108,4,19,107,5,13.97,10,completed,apple_pay,2024-03-31 19:52:00,,2024-03-31 19:52:00,2024-03-31 19:52:00
2109,1,30,103,3,9.63,10,completed,apple_pay,2024-01-13 19:50:00,2024-01-16 19:50:00,2024-01-13 19:50:00,2024-01-13 19:50:00
2109,2,30,109,5,87.6,0,cancelled,apple_pay,2024-01-13 19:50:00,2024-01-16 19:50:00,2024-01-13 19:50:00,2024-01-13 19:50:00
2110,1,27,118,3,41.79,5,completed,apple_pay,2024-01-01 15:16:00,,2024-01-01 15:16:00,2024-01-01 15:16:00
2110,2,27,102,5,49.15,0,cancelled,apple_pay,2024-01-01 15:16:00,,2024-01-01 15:16:00,2024-01-01 15:16:00
2110,3,27,120,3,18.64,0,cancelled,apple_pay,2024-01-01 15:16:00,,2024-01-01 15:16:00,2024-01-01 15:16:00
2111,1,9,101,4,20.47,5,completed,google_pay,2024-01-11 22:22:00,,2024-01-11 22:22:00,2024-01-11 22:22:00
2111,2,9,119,4,76.46,15,processing,google_pay,2024-01-11 22:22:00,,2024-01-11 22:22:00,2024-01-11 22:22:00
2112,1,11,114,2,142.91,0,completed,card,2024-03-22 09:38:00,,2024-03-22 09:38:00,2024-03-22 09:38:00
2112,2,11,112,5,32.8,0,cancelled,card,2024-03-22 09:38:00,,2024-03-22 09:38:00,2024-03-22 09:38:00
2113,1,8,105,1,30.49,0,refunded,apple_pay,2024-01-11 04:30:00,2024-01-14 04:30:00,2024-01-11 04:30:00,2024-01-11 04:30:00
2113,2,8,104,2,219.22,5,completed,apple_pay,2024-01-11 04:30:00,2024-01-14 04:30:00,2024-01-11 04:30:00,2024-01-11 04:30:00
2113,3,8,103,2,10.69,0,processing,apple_pay,2024-01-11 04:30:00,2024-01-14 04:30:00,2024-01-11 04:30:00,2024-01-11 04:30:00
2114,1,3,116,2,108.38,20,processing,wallet,2024-02-18 14:31:00,,2024-02-18 14:31:00,2024-02-18 14:31:00
2114,2,3,114,4,137.22,5,refunded,wallet,2024-02-18 14:31:00,,2024-02-18 14:31:00,2024-02-18 14:31:00
2114,3,3,110,2,23.12,5,cancelled,wallet,2024-02-18 14:31:00,,2024-02-18 14:31:00,2024-02-18 14:31:00
2114,4,3,115,5,39.96,0,refunded,wallet,2024-02-18 14:31:00,,2024-02-18 14:31:00,2024-02-18 14:31:00
2115,1,16,109,1,72.81,15,completed,card,2024-02-12 12:04:00,,2024-02-12 12:04:00,2024-02-12 12:04:00
2115,2,16,110,2,23.5,20,completed,card,2024-02-12 12:04:00,,2024-02-12 12:04:00,2024-02-12 12:04:00
2115,3,16,105,5,32.5,0,shipped,card,2024-02-12 12:04:00,,2024-02-12 12:04:00,2024-02-12 12:04:00
2116,1,21,112,4,32.44,0,completed,card,2024-02-28 10:55:00,2024-02-29 10:55:00,2024-02-28 10:55:00,2024-02-28 10:55:00
2116,2,21,108,1,52.36,15,shipped,card,2024-02-28 10:55:00,2024-02-29 10:55:00,2024-02-28 10:55:00,2024-02-28 10:55:00
2116,3,21,101,3,21.42,0,shipped,card,2024-02-28 10:55:00,2024-02-29 10:55:00,2024-02-28 10:55:00,2024-02-28 10:55:00
2116,4,21,111,1,19.16,20,completed,card,2024-02-28 10:55:00,2024-02-29 10:55:00,2024-02-28 10:55:00,2024-02-28 10:55:00
2117,1,7,103,3,9.22,0,cancelled,apple_pay,2024-02-20 14:39:00,2024-02-22 14:39:00,2024-02-20 14:39:00,2024-02-20 14:39:00
2118,1,10,114,2,148.04,0,refunded,card,2024-01-18 20:55:00,2024-01-22 20:55:00,2024-01-18 20:55:00,2024-01-18 20:55:00
2118,2,10,120,3,20.33,20,refunded,card,2024-01-18 20:55:00,2024-01-22 20:55:00,2024-01-18 20:55:00,2024-01-18 20:55:00
2119,1,15,119,3,82.46,5,cancelled,apple_pay,2024-02-19 10:21:00,2024-02-22 10:21:00,2024-02-19 10:21:00,2024-02-19 10:21:00
2119,2,15,106,2,92.33,5,completed,apple_pay,2024-02-19 10:21:00,2024-02-22 10:21:00,2024-02-19 10:21:00,2024-02-19 10:21:00
2120,1,18,111,3,19.98,0,refunded,wallet,2024-01-22 15:21:00,2024-01-26 15:21:00,2024-01-22 15:21:00,2024-01-22 15:21:00
2120,2,18,111,4,21.21,20,completed,wallet,2024-01-22 15:21:00,2024-01-26 15:21:00,2024-01-22 15:21:00,2024-01-22 15:21:00
2121,1,20,108,1,50.79,0,shipped,card,2024-03-25 18:55:00,2024-03-30 18:55:00,2024-03-25 18:55:00,2024-03-25 18:55:00
2121,2,20,108,4,45.73,20,refunded,card,2024-03-25 18:55:00,2024-03-30 18:55:00,2024-03-25 18:55:00,2024-03-25 18:55:00
2121,3,20,101,5,21.21,10,refunded,card,2024-03-25 18:55:00,2024-03-30 18:55:00,2024-03-25 18:55:00,2024-03-25 18:55:00
2122,1,29,111,3,18.97,15,completed,wallet,2024-03-26 23:16:00,2024-03-27 23:16:00,2024-03-26 23:16:00,2024-03-26 23:16:00
2122,2,29,114,3,153.92,0,shipped,wallet,2024-03-26 23:16:00,2024-03-27 23:16:00,2024-03-26 23:16:00,2024-03-26 23:16:00
2122,3,29,116,1,111.7,0,cancelled,wallet,2024-03-26 23:16:00,2024-03-27 23:16:00,2024-03-26 23:16:00,2024-03-26 23:16:00
2123,1,5,118,3,41.98,0,cancelled,apple_pay,2024-01-16 03:27:00,2024-01-21 03:27:00,2024-01-16 03:27:00,2024-01-16 03:27:00
2123,2,5,108,4,51.07,15,completed,apple_pay,2024-01-16 03:27:00,2024-01-21 03:27:00,2024-01-16 03:27:00,2024-01-16 03:27:00
2124,1,29,115,1,41.25,0,cancelled,wallet,2024-03-15 13:29:00,2024-03-17 13:29:00,2024-03-15 13:29:00,2024-03-15 13:29:00
2125,1,14,109,1,85.23,0,cancelled,wallet,2024-02-23 21:48:00,2024-02-25 21:48:00,2024-02-23 21:48:00,2024-02-23 21:48:00
2125,2,14,103,1,10.54,20,processing,wallet,2024-02-23 21:48:00,2024-02-25 21:48:00,2024-02-23 21:48:00,2024-02-23 21:48:00
2125,3,14,120,1,20.92,10,completed,wallet,2024-02-23 21:48:00,2024-02-25 21:48:00,2024-02-23 21:48:00,2024-02-23 21:48:00
2126,1,22,112,1,28.92,10,processing,google_pay,2024-01-21 12:17:00,2024-01-26 12:17:00,2024-01-21 12:17:00,2024-01-21 12:17:00
2126,2,22,101,2,19.48,0,refunded,google_pay,2024-01-21 12:17:00,2024-01-26 12:17:00,2024-01-21 12:17:00,2024-01-21 12:17:00
2127,1,28,119,2,79.46,15,cancelled,apple_pay,2024-01-17 02:53:00,2024-01-19 02:53:00,2024-01-17 02:53:00,2024-01-17 02:53:00
2127,2,28,117,5,13.79,15,cancelled,apple_pay,2024-01-17 02:53:00,2024-01-19 02:53:00,2024-01-17 02:53:00,2024-01-17 02:53:00
2128,1,24,116,1,103.85,5,cancelled,apple_pay,2024-01-06 13:07:00,,2024-01-06 13:07:00,2024-01-06 13:07:00
2129,1,4,119,3,79.56,15,processing,apple_pay,2024-02-26 08:49:00,,2024-02-26 08:49:00,2024-02-26 08:49:00
2129,2,4,106,5,95.18,20,completed,apple_pay,2024-02-26 08:49:00,,2024-02-26 08:49:00,2024-02-26 08:49:00
2130,1,4,110,5,24.16,0,shipped,wallet,2024-03-01 03:01:00,,2024-03-01 03:01:00,2024-03-01 03:01:00
2130,2,4,118,1,46.24,20,shipped,wallet,2024-03-01 03:01:00,,2024-03-01 03:01:00,2024-03-01 03:01:00
2130,3,4,116,2,99.5,15,shipped,wallet,2024-03-01 03:01:00,,2024-03-01 03:01:00,2024-03-01 03:01:00
2130,4,4,107,2,13.88,0,shipped,wallet,2024-03-01 03:01:00,,2024-03-01 03:01:00,2024-03-01 03:01:00
2131,1,20,107,4,15.58,15,completed,card,2024-03-31 16:41:00,2024-04-01 16:41:00,2024-03-31 16:41:00,2024-03-31 16:41:00
2131,2,20,120,3,21.96,20,shipped,card,2024-03-31 16:41:00,2024-04-01 16:41:00,2024-03-31 16:41:00,2024-03-31 16:41:00
2132,1,6,101,4,20.78,20,cancelled,wallet,2024-02-27 13:30:00,2024-02-28 13:30:00,2024-02-27 13:30:00,2024-02-27 13:30:00
2132,2,6,113,1,52.98,0,processing,wallet,2024-02-27 13:30:00,2024-02-28 13:30:00,2024-02-27 13:30:00,2024-02-27 13:30:00
2132,3,6,117,5,13.54,0,refunded,wallet,2024-02-27 13:30:00,2024-02-28 13:30:00,2024-02-27 13:30:00,2024-02-27 13:30:00
2133,1,29,114,5,156.27,0,completed,wallet,2024-02-01 18:09:00,2024-02-03 18:09:00,2024-02-01 18:09:00,2024-02-01 18:09:00
2133,2,29,104,5,193.45,0,shipped,wallet,2024-02-01 18:09:00,2024-02-03 18:09:00,2024-02-01 18:09:00,2024-02-01 18:09:00
2134,1,11,110,4,26.19,5,cancelled,wallet,2024-01-17 18:07:00,,2024-01-17 18:07:00,2024-01-17 18:07:00
2134,2,11,101,1,19.76,15,shipped,wallet,2024-01-17 18:07:00,,2024-01-17 18:07:00,2024-01-17 18:07:00
2134,3,11,118,4,44.82,20,completed,wallet,2024-01-17 18:07:00,,2024-01-17 18:07:00,2024-01-17 18:07:00
2135,1,1,102,5,54.43,0,completed,google_pay,2024-01-08 07:07:00,,2024-01-08 07:07:00,2024-01-08 07:07:00
2135,2,1,108,5,46.7,15,cancelled,google_pay,2024-01-08 07:07:00,,2024-01-08 07:07:00,2024-01-08 07:07:00
2135,3,1,116,2,111.4,10,cancelled,google_pay,2024-01-08 07:07:00,,2024-01-08 07:07:00,2024-01-08 07:07:00
2135,4,1,114,2,138.99,0,shipped,google_pay,2024-01-08 07:07:00,,2024-01-08 07:07:00,2024-01-08 07:07:00
2136,1,17,104,2,188.53,0,completed,apple_pay,2024-03-16 18:46:00,2024-03-18 18:46:00,2024-03-16 18:46:00,2024-03-16 18:46:00
2136,2,17,102,4,51.25,0,cancelled,apple_pay,2024-03-16 18:46:00,2024-03-18 18:46:00,2024-03-16 18:46:00,2024-03-16 18:46:00
2136,3,17,104,4,188.68,5,shipped,apple_pay,2024-03-16 18:46:00,2024-03-18 18:46:00,2024-03-16 18:46:00,2024-03-16 18:46:00
2136,4,17,118,4,46.96,15,completed,apple_pay,2024-03-16 18:46:00,2024-03-18 18:46:00,2024-03-16 18:46:00,2024-03-16 18:46:00
2137,1,1,105,2,31.42,15,shipped,card,2024-02-17 11:54:00,,2024-02-17 11:54:00,2024-02-17 11:54:00
2138,1,2,113,3,52.62,0,cancelled,apple_pay,2024-01-25 17:09:00,,2024-01-25 17:09:00,2024-01-25 17:09:00
2138,2,2,101,1,20.06,10,cancelled,apple_pay,2024-01-25 17:09:00,,2024-01-25 17:09:00,2024-01-25 17:09:00
2138,3,2,118,2,43.9,20,processing,apple_pay,2024-01-25 17:09:00,,2024-01-25 17:09:00,2024-01-25 17:09:00
2138,4,2,105,4,29.04,20,completed,apple_pay,2024-01-25 17:09:00,,2024-01-25 17:09:00,2024-01-25 17:09:00
2139,1,10,101,1,18.14,20,completed,apple_pay,2024-02-09 10:50:00,2024-02-13 10:50:00,2024-02-09 10:50:00,2024-02-09 10:50:00
2139,2,10,104,4,200.96,0,completed,apple_pay,2024-02-09 10:50:00,2024-02-13 10:50:00,2024-02-09 10:50:00,2024-02-09 10:50:00
2140,1,17,107,4,15.73,10,processing,card,2024-01-19 10:58:00,2024-01-22 10:58:00,2024-01-19 10:58:00,2024-01-19 10:58:00
2140,2,17,115,1,41.37,5,refunded,card,2024-01-19 10:58:00,2024-01-22 10:58:00,2024-01-19 10:58:00,2024-01-19 10:58:00
2141,1,3,109,3,73.45,20,refunded,wallet,2024-02-21 03:39:00,2024-02-23 03:39:00,2024-02-21 03:39:00,2024-02-21 03:39:00
2141,2,3,109,4,73.95,20,processing,wallet,2024-02-21 03:39:00,2024-02-23 03:39:00,2024-02-21 03:39:00,2024-02-21 03:39:00
2142,1,30,103,1,9.6,5,refunded,wallet,2024-01-20 15:27:00,,2024-01-20 15:27:00,2024-01-20 15:27:00
2142,2,30,116,4,119.46,0,refunded,wallet,2024-01-20 15:27:00,,2024-01-20 15:27:00,2024-01-20 15:27:00
2142,3,30,111,4,18.66,0,shipped,wallet,2024-01-20 15:27:00,,2024-01-20 15:27:00,2024-01-20 15:27:00
2142,4,30,101,1,18.24,0,shipped,wallet,2024-01-20 15:27:00,,2024-01-20 15:27:00,2024-01-20 15:27:00
2143,1,30,109,4,83.98,10,processing,google_pay,2024-03-02 11:26:00,,2024-03-02 11:26:00,2024-03-02 11:26:00
2144,1,20,118,1,40.78,20,processing,wallet,2024-01-20 19:10:00,2024-01-24 19:10:00,2024-01-20 19:10:00,2024-01-20 19:10:00
2145,1,21,117,5,13.62,5,completed,apple_pay,2024-01-12 00:45:00,2024-01-17 00:45:00,2024-01-12 00:45:00,2024-01-12 00:45:00
2145,2,21,118,5,44.2,5,processing,apple_pay,2024-01-12 00:45:00,2024-01-17 00:45:00,2024-01-12 00:45:00,2024-01-12 00:45:00
2145,3,21,117,5,14.04,0,processing,apple_pay,2024-01-12 00:45:00,2024-01-17 00:45:00,2024-01-12 00:45:00,2024-01-12 00:45:00
2145,4,21,107,4,13.63,15,processing,apple_pay,2024-01-12 00:45:00,2024-01-17 00:45:00,2024-01-12 00:45:00,2024-01-12 00:45:00
2146,1,9,114,3,138.1,20,refunded,card,2024-02-22 04:05:00,,2024-02-22 04:05:00,2024-02-22 04:05:00
2147,1,22,103,1,10.35,15,cancelled,google_pay,2024-01-02 09:29:00,2024-01-07 09:29:00,2024-01-02 09:29:00,2024-01-02 09:29:00
2147,2,22,106,1,90.54,0,processing,google_pay,2024-01-02 09:29:00,2024-01-07 09:29:00,2024-01-02 09:29:00,2024-01-02 09:29:00
2147,3,22,103,3,9.79,0,refunded,google_pay,2024-01-02 09:29:00,2024-01-07 09:29:00,2024-01-02 09:29:00,2024-01-02 09:29:00
2148,1,4,115,2,37.3,10,shipped,google_pay,2024-02-11 03:27:00,,2024-02-11 03:27:00,2024-02-11 03:27:00
2149,1,20,108,1,52.72,0,completed,card,2024-02-18 00:49:00,,2024-02-18 00:49:00,2024-02-18 00:49:00
2149,2,20,104,2,205.29,0,shipped,card,2024-02-18 00:49:00,,2024-02-18 00:49:00,2024-02-18 00:49:00
2150,1,30,110,1,25.81,0,cancelled,apple_pay,2024-03-10 09:34:00,,2024-03-10 09:34:00,2024-03-10 09:34:00
2150,2,30,118,3,48.39,0,cancelled,apple_pay,2024-03-10 09:34:00,,2024-03-10 09:34:00,2024-03-10 09:34:00
2151,1,9,103,1,10.15,0,refunded,google_pay,2024-01-05 14:34:00,2024-01-10 14:34:00,2024-01-05 14:34:00,2024-01-05 14:34:00
2151,2,9,101,1,18.46,0,refunded,google_pay,2024-01-05 14:34:00,2024-01-10 14:34:00,2024-01-05 14:34:00,2024-01-05 14:34:00
2152,1,28,102,4,46.19,0,completed,wallet,2024-03-27 12:11:00,2024-03-28 12:11:00,2024-03-27 12:11:00,2024-03-27 12:11:00
2153,1,1,101,4,20.63,0,completed,google_pay,2024-02-26 20:59:00,2024-03-01 20:59:00,2024-02-26 20:59:00,2024-02-26 20:59:00
2153,2,1,114,3,160.06,10,processing,google_pay,2024-02-26 20:59:00,2024-03-01 20:59:00,2024-02-26 20:59:00,2024-02-26 20:59:00
2153,3,1,111,2,19.29,0,shipped,google_pay,2024-02-26 20:59:00,2024-03-01 20:59:00,2024-02-26 20:59:00,2024-02-26 20:59:00
2153,4,1,113,3,53.51,0,completed,google_pay,2024-02-26 20:59:00,2024-03-01 20:59:00,2024-02-26 20:59:00,2024-02-26 20:59:00
2154,1,14,113,1,49.1,0,cancelled,wallet,2024-03-13 19:00:00,2024-03-14 19:00:00,2024-03-13 19:00:00,2024-03-13 19:00:00
2155,1,2,104,4,180.61,0,processing,google_pay,2024-01-15 22:47:00,2024-01-16 22:47:00,2024-01-15 22:47:00,2024-01-15 22:47:00
2155,2,2,113,3,48.33,5,cancelled,google_pay,2024-01-15 22:47:00,2024-01-16 22:47:00,2024-01-15 22:47:00,2024-01-15 22:47:00
2155,3,2,108,5,48.99,5,refunded,google_pay,2024-01-15 22:47:00,2024-01-16 22:47:00,2024-01-15 22:47:00,2024-01-15 22:47:00
2155,4,2,113,4,51.58,20,cancelled,google_pay,2024-01-15 22:47:00,2024-01-16 22:47:00,2024-01-15 22:47:00,2024-01-15 22:47:00
2156,1,1,104,5,190.26,0,cancelled,wallet,2024-02-19 05:42:00,2024-02-23 05:42:00,2024-02-19 05:42:00,2024-02-19 05:42:00
2156,2,1,119,1,82.28,15,shipped,wallet,2024-02-19 05:42:00,2024-02-23 05:42:00,2024-02-19 05:42:00,2024-02-19 05:42:00
2156,3,1,104,2,205.57,20,processing,wallet,2024-02-19 05:42:00,2024-02-23 05:42:00,2024-02-19 05:42:00,2024-02-19 05:42:00
2156,4,1,112,2,28.48,0,completed,wallet,2024-02-19 05:42:00,2024-02-23 05:42:00,2024-02-19 05:42:00,2024-02-19 05:42:00
2157,1,27,116,2,104.47,0,shipped,wallet,2024-02-23 18:06:00,,2024-02-23 18:06:00,2024-02-23 18:06:00
2157,2,27,107,4,15.35,5,cancelled,wallet,2024-02-23 18:06:00,,2024-02-23 18:06:00,2024-02-23 18:06:00
2157,3,27,119,4,77.55,0,cancelled,wallet,2024-02-23 18:06:00,,2024-02-23 18:06:00,2024-02-23 18:06:00
2157,4,27,119,4,75.75,5,completed,wallet,2024-02-23 18:06:00,,2024-02-23 18:06:00,2024-02-23 18:06:00
2158,1,18,111,2,18.5,0,refunded,google_pay,2024-03-22 05:18:00,,2024-03-22 05:18:00,2024-03-22 05:18:00
2158,2,18,110,4,26.5,0,processing,google_pay,2024-03-22 05:18:00,,2024-03-22 05:18:00,2024-03-22 05:18:00
2158,3,18,115,4,36.31,0,shipped,google_pay,2024-03-22 05:18:00,,2024-03-22 05:18:00,2024-03-22 05:18:00
2159,1,7,105,5,27.0,15,processing,apple_pay,2024-01-23 22:23:00,2024-01-26 22:23:00,2024-01-23 22:23:00,2024-01-23 22:23:00
2160,1,29,109,4,87.98,0,shipped,wallet,2024-01-07 10:26:00,2024-01-11 10:26:00,2024-01-07 10:26:00,2024-01-07 10:26:00
2160,2,29,109,2,74.2,0,processing,wallet,2024-01-07 10:26:00,2024-01-11 10:26:00,2024-01-07 10:26:00,2024-01-07 10:26:00
2160,3,29,109,3,74.84,0,refunded,wallet,2024-01-07 10:26:00,2024-01-11 10:26:00,2024-01-07 10:26:00,2024-01-07 10:26:00
2161,1,11,110,2,23.53,0,cancelled,card,2024-01-28 06:38:00,2024-01-31 06:38:00,2024-01-28 06:38:00,2024-01-28 06:38:00
2161,2,11,104,2,219.51,5,completed,card,2024-01-28 06:38:00,2024-01-31 06:38:00,2024-01-28 06:38:00,2024-01-28 06:38:00
2161,3,11,116,2,118.76,15,refunded,card,2024-01-28 06:38:00,2024-01-31 06:38:00,2024-01-28 06:38:00,2024-01-28 06:38:00
2161,4,11,103,5,10.54,5,processing,card,2024-01-28 06:38:00,2024-01-31 06:38:00,2024-01-28 06:38:00,2024-01-28 06:38:00
2162,1,23,109,3,83.67,20,cancelled,google_pay,2024-01-06 17:31:00,2024-01-09 17:31:00,2024-01-06 17:31:00,2024-01-06 17:31:00
2163,1,16,107,5,15.47,0,shipped,apple_pay,2024-01-10 05:57:00,,2024-01-10 05:57:00,2024-01-10 05:57:00
2163,2,16,111,4,19.09,15,processing,apple_pay,2024-01-10 05:57:00,,2024-01-10 05:57:00,2024-01-10 05:57:00
2164,1,18,111,1,18.71,0,processing,apple_pay,2024-02-23 02:29:00,2024-02-26 02:29:00,2024-02-23 02:29:00,2024-02-23 02:29:00
2164,2,18,114,2,155.47,10,processing,apple_pay,2024-02-23 02:29:00,2024-02-26 02:29:00,2024-02-23 02:29:00,2024-02-23 02:29:00
2165,1,5,120,2,19.62,0,completed,wallet,2024-01-24 22:58:00,2024-01-28 22:58:00,2024-01-24 22:58:00,2024-01-24 22:58:00
2166,1,6,113,1,53.08,0,cancelled,wallet,2024-02-13 23:07:00,2024-02-14 23:07:00,2024-02-13 23:07:00,2024-02-13 23:07:00
2166,2,6,115,3,38.03,5,shipped,wallet,2024-02-13 23:07:00,2024-02-14 23:07:00,2024-02-13 23:07:00,2024-02-13 23:07:00
2166,3,6,116,3,99.05,0,cancelled,wallet,2024-02-13 23:07:00,2024-02-14 23:07:00,2024-02-13 23:07:00,2024-02-13 23:07:00
2166,4,6,118,1,43.28,0,cancelled,wallet,2024-02-13 23:07:00,2024-02-14 23:07:00,2024-02-13 23:07:00,2024-02-13 23:07:00
2167,1,26,119,4,68.06,15,cancelled,wallet,2024-02-07 18:39:00,2024-02-12 18:39:00,2024-02-07 18:39:00,2024-02-07 18:39:00
2167,2,26,109,4,78.78,10,refunded,wallet,2024-02-07 18:39:00,2024-02-12 18:39:00,2024-02-07 18:39:00,2024-02-07 18:39:00
2168,1,7,111,1,18.75,0,shipped,google_pay,2024-01-10 17:00:00,2024-01-14 17:00:00,2024-01-10 17:00:00,2024-01-10 17:00:00
2168,2,7,116,1,99.76,0,processing,google_pay,2024-01-10 17:00:00,2024-01-14 17:00:00,2024-01-10 17:00:00,2024-01-10 17:00:00
2168,3,7,115,5,42.4,0,shipped,google_pay,2024-01-10 17:00:00,2024-01-14 17:00:00,2024-01-10 17:00:00,2024-01-10 17:00:00
2169,1,25,107,2,15.01,0,refunded,wallet,2024-02-18 18:48:00,2024-02-19 18:48:00,2024-02-18 18:48:00,2024-02-18 18:48:00
2169,2,25,103,5,9.76,15,cancelled,wallet,2024-02-18 18:48:00,2024-02-19 18:48:00,2024-02-18 18:48:00,2024-02-18 18:48:00
2169,3,25,111,3,18.93,0,processing,wallet,2024-02-18 18:48:00,2024-02-19 18:48:00,2024-02-18 18:48:00,2024-02-18 18:48:00
2170,1,24,112,5,30.16,5,completed,wallet,2024-03-02 01:47:00,,2024-03-02 01:47:00,2024-03-02 01:47:00
2170,2,24,120,4,18.19,5,refunded,wallet,2024-03-02 01:47:00,,2024-03-02 01:47:00,2024-03-02 01:47:00
2170,3,24,103,2,9.04,0,shipped,wallet,2024-03-02 01:47:00,,2024-03-02 01:47:00,2024-03-02 01:47:00
2170,4,24,114,1,136.5,0,shipped,wallet,2024-03-02 01:47:00,,2024-03-02 01:47:00,2024-03-02 01:47:00
2171,1,28,107,3,14.85,5,completed,card,2024-03-08 01:30:00,2024-03-11 01:30:00,2024-03-08 01:30:00,2024-03-08 01:30:00
2171,2,28,118,2,48.53,20,cancelled,card,2024-03-08 01:30:00,2024-03-11 01:30:00,2024-03-08 01:30:00,2024-03-08 01:30:00
2171,3,28,119,5,81.55,20,completed,card,2024-03-08 01:30:00,2024-03-11 01:30:00,2024-03-08 01:30:00,2024-03-08 01:30:00
2172,1,15,101,5,19.06,0,shipped,wallet,2024-01-24 17:10:00,2024-01-27 17:10:00,2024-01-24 17:10:00,2024-01-24 17:10:00
2172,2,15,110,1,26.41,5,processing,wallet,2024-01-24 17:10:00,2024-01-27 17:10:00,2024-01-24 17:10:00,2024-01-24 17:10:00
2173,1,7,101,4,21.25,10,processing,card,2024-02-27 10:40:00,2024-03-02 10:40:00,2024-02-27 10:40:00,2024-02-27 10:40:00
2174,1,4,107,5,14.19,0,processing,wallet,2024-01-14 10:59:00,2024-01-19 10:59:00,2024-01-14 10:59:00,2024-01-14 10:59:00
2175,1,30,114,5,157.9,0,cancelled,card,2024-01-30 17:43:00,2024-02-03 17:43:00,2024-01-30 17:43:00,2024-01-30 17:43:00
2176,1,18,101,4,18.95,5,completed,card,2024-01-22 14:57:00,,2024-01-22 14:57:00,2024-01-22 14:57:00
2176,2,18,104,4,197.56,10,shipped,card,2024-01-22 14:57:00,,2024-01-22 14:57:00,2024-01-22 14:57:00
2177,1,13,109,1,81.8,20,cancelled,apple_pay,2024-02-15 20:01:00,2024-02-18 20:01:00,2024-02-15 20:01:00,2024-02-15 20:01:00
2177,2,13,104,4,218.61,0,refunded,apple_pay,2024-02-15 20:01:00,2024-02-18 20:01:00,2024-02-15 20:01:00,2024-02-15 20:01:00
2178,1,3,106,3,107.18,0,refunded,apple_pay,2024-02-05 11:31:00,2024-02-07 11:31:00,2024-02-05 11:31:00,2024-02-05 11:31:00
2179,1,6,114,3,138.44,0,processing,apple_pay,2024-01-31 05:15:00,2024-02-02 05:15:00,2024-01-31 05:15:00,2024-01-31 05:15:00
2180,1,15,110,5,24.15,20,processing,wallet,2024-03-26 01:36:00,2024-03-28 01:36:00,2024-03-26 01:36:00,2024-03-26 01:36:00
2180,2,15,114,2,139.01,15,refunded,wallet,2024-03-26 01:36:00,2024-03-28 01:36:00,2024-03-26 01:36:00,2024-03-26 01:36:00
2180,3,15,106,3,102.78,0,completed,wallet,2024-03-26 01:36:00,2024-03-28 01:36:00,2024-03-26 01:36:00,2024-03-26 01:36:00
2181,1,24,109,1,76.69,0,refunded,google_pay,2024-03-15 18:05:00,,2024-03-15 18:05:00,2024-03-15 18:05:00
2181,2,24,105,1,27.79,20,completed,google_pay,2024-03-15 18:05:00,,2024-03-15 18:05:00,2024-03-15 18:05:00
2181,3,24,105,5,28.56,5,shipped,google_pay,2024-03-15 18:05:00,,2024-03-15 18:05:00,2024-03-15 18:05:00
2181,4,24,104,3,217.96,10,refunded,google_pay,2024-03-15 18:05:00,,2024-03-15 18:05:00,2024-03-15 18:05:00
2182,1,11,116,4,112.35,5,completed,card,2024-01-06 00:53:00,2024-01-08 00:53:00,2024-01-06 00:53:00,2024-01-06 00:53:00
2182,2,11,104,4,189.86,0,refunded,card,2024-01-06 00:53:00,2024-01-08 00:53:00,2024-01-06 00:53:00,2024-01-06 00:53:00
2182,3,11,117,5,13.84,5,refunded,card,2024-01-06 00:53:00,2024-01-08 00:53:00,2024-01-06 00:53:00,2024-01-06 00:53:00
2182,4,11,120,3,20.11,15,refunded,card,2024-01-06 00:53:00,2024-01-08 00:53:00,2024-01-06 00:53:00,2024-01-06 00:53:00
2183,1,3,115,2,43.82,0,completed,apple_pay,2024-02-08 20:53:00,2024-02-13 20:53:00,2024-02-08 20:53:00,2024-02-08 20:53:00
2183,2,3,117,5,12.46,0,cancelled,apple_pay,2024-02-08 20:53:00,2024-02-13 20:53:00,2024-02-08 20:53:00,2024-02-08 20:53:00
2183,3,3,111,4,20.76,5,cancelled,apple_pay,2024-02-08 20:53:00,2024-02-13 20:53:00,2024-02-08 20:53:00,2024-02-08 20:53:00
2183,4,3,112,1,29.94,0,refunded,apple_pay,2024-02-08 20:53:00,2024-02-13 20:53:00,2024-02-08 20:53:00,2024-02-08 20:53:00
2184,1,4,115,4,39.34,5,completed,google_pay,2024-01-10 11:43:00,2024-01-15 11:43:00,2024-01-10 11:43:00,2024-01-10 11:43:00
2184,2,4,118,5,48.9,0,completed,google_pay,2024-01-10 11:43:00,2024-01-15 11:43:00,2024-01-10 11:43:00,2024-01-10 11:43:00
2184,3,4,105,2,32.57,5,refunded,google_pay,2024-01-10 11:43:00,2024-01-15 11:43:00,2024-01-10 11:43:00,2024-01-10 11:43:00
2184,4,4,116,4,114.62,5,refunded,google_pay,2024-01-10 11:43:00,2024-01-15 11:43:00,2024-01-10 11:43:00,2024-01-10 11:43:00
2185,1,2,111,4,20.53,0,cancelled,apple_pay,2024-03-12 17:15:00,2024-03-14 17:15:00,2024-03-12 17:15:00,2024-03-12 17:15:00
2186,1,21,115,1,36.3,5,cancelled,google_pay,2024-01-02 22:44:00,,2024-01-02 22:44:00,2024-01-02 22:44:00
2186,2,21,113,4,45.46,10,processing,google_pay,2024-01-02 22:44:00,,2024-01-02 22:44:00,2024-01-02 22:44:00
2186,3,21,102,4,54.16,10,cancelled,google_pay,2024-01-02 22:44:00,,2024-01-02 22:44:00,2024-01-02 22:44:00
2187,1,18,110,2,23.3,0,shipped,google_pay,2024-03-20 08:14:00,,2024-03-20 08:14:00,2024-03-20 08:14:00
2187,2,18,110,1,26.09,0,completed,google_pay,2024-03-20 08:14:00,,2024-03-20 08:14:00,2024-03-20 08:14:00
2187,3,18,113,3,51.16,0,processing,google_pay,2024-03-20 08:14:00,,2024-03-20 08:14:00,2024-03-20 08:14:00
2188,1,4,109,5,81.0,10,completed,wallet,2024-02-19 13:45:00,2024-02-21 13:45:00,2024-02-19 13:45:00,2024-02-19 13:45:00
2188,2,4,101,5,21.51,10,processing,wallet,2024-02-19 13:45:00,2024-02-21 13:45:00,2024-02-19 13:45:00,2024-02-19 13:45:00
2189,1,21,108,5,51.03,5,processing,card,2024-01-08 04:58:00,2024-01-09 04:58:00,2024-01-08 04:58:00,2024-01-08 04:58:00
2189,2,21,119,2,69.55,0,completed,card,2024-01-08 04:58:00,2024-01-09 04:58:00,2024-01-08 04:58:00,2024-01-08 04:58:00
2189,3,21,105,2,31.26,0,processing,card,2024-01-08 04:58:00,2024-01-09 04:58:00,2024-01-08 04:58:00,2024-01-08 04:58:00
2189,4,21,103,1,10.52,20,cancelled,card,2024-01-08 04:58:00,2024-01-09 04:58:00,2024-01-08 04:58:00,2024-01-08 04:58:00
2190,1,24,106,3,90.44,10,refunded,apple_pay,2024-01-21 17:53:00,,2024-01-21 17:53:00,2024-01-21 17:53:00
2190,2,24,111,5,21.83,0,shipped,apple_pay,2024-01-21 17:53:00,,2024-01-21 17:53:00,2024-01-21 17:53:00
2191,1,20,120,1,19.77,0,shipped,wallet,2024-02-27 22:09:00,2024-03-01 22:09:00,2024-02-27 22:09:00,2024-02-27 22:09:00
2192,1,5,114,4,160.58,15,shipped,card,2024-02-19 17:42:00,2024-02-21 17:42:00,2024-02-19 17:42:00,2024-02-19 17:42:00
2192,2,5,113,4,49.0,5,shipped,card,2024-02-19 17:42:00,2024-02-21 17:42:00,2024-02-19 17:42:00,2024-02-19 17:42:00
2193,1,7,101,4,19.44,0,shipped,wallet,2024-02-16 00:06:00,2024-02-17 00:06:00,2024-02-16 00:06:00,2024-02-16 00:06:00
2193,2,7,115,4,42.26,0,cancelled,wallet,2024-02-16 00:06:00,2024-02-17 00:06:00,2024-02-16 00:06:00,2024-02-16 00:06:00
2194,1,15,109,5,85.2,0,cancelled,google_pay,2024-02-04 20:06:00,2024-02-07 20:06:00,2024-02-04 20:06:00,2024-02-04 20:06:00
2195,1,10,114,5,161.28,20,processing,apple_pay,2024-02-09 03:33:00,2024-02-12 03:33:00,2024-02-09 03:33:00,2024-02-09 03:33:00
2196,1,25,111,5,20.67,0,shipped,card,2024-03-08 17:53:00,2024-03-12 17:53:00,2024-03-08 17:53:00,2024-03-08 17:53:00
2196,2,25,104,5,202.82,0,completed,card,2024-03-08 17:53:00,2024-03-12 17:53:00,2024-03-08 17:53:00,2024-03-08 17:53:00
2196,3,25,103,1,9.6,10,refunded,card,2024-03-08 17:53:00,2024-03-12 17:53:00,2024-03-08 17:53:00,2024-03-08 17:53:00
2197,1,10,107,2,14.61,10,refunded,apple_pay,2024-02-17 20:37:00,2024-02-21 20:37:00,2024-02-17 20:37:00,2024-02-17 20:37:00
2198,1,17,113,4,54.25,10,processing,apple_pay,2024-03-05 15:25:00,2024-03-08 15:25:00,2024-03-05 15:25:00,2024-03-05 15:25:00
2198,2,17,112,3,30.09,5,shipped,apple_pay,2024-03-05 15:25:00,2024-03-08 15:25:00,2024-03-05 15:25:00,2024-03-05 15:25:00
2198,3,17,101,2,18.86,0,cancelled,apple_pay,2024-03-05 15:25:00,2024-03-08 15:25:00,2024-03-05 15:25:00,2024-03-05 15:25:00
2198,4,17,112,3,27.77,5,completed,apple_pay,2024-03-05 15:25:00,2024-03-08 15:25:00,2024-03-05 15:25:00,2024-03-05 15:25:00
2199,1,4,114,1,158.33,10,refunded,google_pay,2024-03-27 22:35:00,2024-03-30 22:35:00,2024-03-27 22:35:00,2024-03-27 22:35:00
2199,2,4,107,2,16.31,20,shipped,google_pay,2024-03-27 22:35:00,2024-03-30 22:35:00,2024-03-27 22:35:00,2024-03-27 22:35:00
2199,3,4,119,3,72.2,20,processing,google_pay,2024-03-27 22:35:00,2024-03-30 22:35:00,2024-03-27 22:35:00,2024-03-27 22:35:00
2200,1,28,102,5,46.02,0,completed,wallet,2024-03-14 03:05:00,,2024-03-14 03:05:00,2024-03-14 03:05:00
2200,2,28,110,4,22.79,15,completed,wallet,2024-03-14 03:05:00,,2024-03-14 03:05:00,2024-03-14 03:05:00
2200,3,28,108,3,46.36,15,shipped,wallet,2024-03-14 03:05:00,,2024-03-14 03:05:00,2024-03-14 03:05:00
2201,1,23,111,3,21.95,10,completed,card,2024-01-06 23:04:00,2024-01-10 23:04:00,2024-01-06 23:04:00,2024-01-06 23:04:00
2201,2,23,111,3,20.89,0,cancelled,card,2024-01-06 23:04:00,2024-01-10 23:04:00,2024-01-06 23:04:00,2024-01-06 23:04:00
2201,3,23,116,2,116.55,0,refunded,card,2024-01-06 23:04:00,2024-01-10 23:04:00,2024-01-06 23:04:00,2024-01-06 23:04:00
2201,4,23,103,1,10.36,20,processing,card,2024-01-06 23:04:00,2024-01-10 23:04:00,2024-01-06 23:04:00,2024-01-06 23:04:00
2202,1,16,109,1,80.86,0,cancelled,card,2024-01-23 23:43:00,,2024-01-23 23:43:00,2024-01-23 23:43:00
2202,2,16,113,2,50.45,20,shipped,card,2024-01-23 23:43:00,,2024-01-23 23:43:00,2024-01-23 23:43:00
2202,3,16,120,5,21.97,0,refunded,card,2024-01-23 23:43:00,,2024-01-23 23:43:00,2024-01-23 23:43:00
2203,1,6,110,5,26.39,5,refunded,google_pay,2024-01-05 12:34:00,2024-01-09 12:34:00,2024-01-05 12:34:00,2024-01-05 12:34:00
2204,1,17,103,2,10.01,5,shipped,apple_pay,2024-01-18 00:45:00,,2024-01-18 00:45:00,2024-01-18 00:45:00
2205,1,14,109,4,79.47,20,refunded,wallet,2024-01-08 05:15:00,2024-01-13 05:15:00,2024-01-08 05:15:00,2024-01-08 05:15:00
2205,2,14,113,1,47.11,0,processing,wallet,2024-01-08 05:15:00,2024-01-13 05:15:00,2024-01-08 05:15:00,2024-01-08 05:15:00
2205,3,14,119,5,77.09,5,shipped,wallet,2024-01-08 05:15:00,2024-01-13 05:15:00,2024-01-08 05:15:00,2024-01-08 05:15:00
